metric,value
avg_movie_duration,99.57718668407311
avg_tv_seasons,1.764947683109118
